epoch,time,train/giou_loss,train/cls_loss,train/l1_loss,metrics/precision(B),metrics/recall(B),metrics/mAP50(B),metrics/mAP50-95(B),val/giou_loss,val/cls_loss,val/l1_loss,lr/pg0,lr/pg1,lr/pg2
1,80.6425,0.65175,6.50733,0.80342,0.68194,0.29977,0.27566,0.12587,0.5102,1.62945,0.8572,0.00041358,0.00041358,0.00041358
2,153.133,0.55395,1.05577,0.68356,0.43781,0.28305,0.2009,0.09151,nan,nan,nan,0.000826137,0.000826137,0.000826137
3,223.051,0.53856,1.14108,0.66306,0.41702,0.15992,0.07006,0.0352,nan,nan,nan,0.00123457,0.00123457,0.00123457
4,296.825,0.5282,1.26671,0.63208,0.07815,0.23724,0.05318,0.02243,nan,nan,nan,0.00123144,0.00123144,0.00123144
5,367.275,0.50017,1.44637,0.55472,0.25289,0.28947,0.17505,0.08222,0.4451,1.77634,0.65527,0.00122525,0.00122525,0.00122525
6,438.694,0.48242,1.36436,0.55429,0.34389,0.3813,0.32598,0.15575,0.50433,1.38747,0.75972,0.00121906,0.00121906,0.00121906
7,509.184,0.50341,1.19422,0.57567,0.2716,0.33111,0.25399,0.12293,0.54445,1.46765,0.91912,0.00121287,0.00121287,0.00121287
8,578.679,0.44986,1.23678,0.51952,0.54554,0.38437,0.41568,0.20165,0.45927,1.2633,0.73925,0.00120669,0.00120669,0.00120669
9,652.551,0.46007,1.19276,0.53957,0.41722,0.29851,0.26528,0.12977,nan,nan,nan,0.0012005,0.0012005,0.0012005
10,726.148,0.49069,1.20926,0.55851,0.37608,0.29781,0.24558,0.12614,nan,nan,nan,0.00119431,0.00119431,0.00119431
11,799.511,0.45006,1.23678,0.51309,0.47717,0.38835,0.3246,0.15893,nan,nan,nan,0.00118812,0.00118812,0.00118812
12,870.716,0.43392,1.18649,0.50742,0.45393,0.40297,0.40251,0.19039,nan,nan,nan,0.00118194,0.00118194,0.00118194
13,942.831,0.41995,1.14992,0.50529,0.38255,0.37222,0.34524,0.17176,nan,nan,nan,0.00117575,0.00117575,0.00117575
14,1011.87,0.44296,1.08871,0.52288,0.48553,0.46437,0.47998,0.23249,nan,nan,nan,0.00116956,0.00116956,0.00116956
15,1083.41,0.45431,1.02741,0.5418,0.51827,0.4869,0.47683,0.23729,nan,nan,nan,0.00116337,0.00116337,0.00116337
16,1158.26,0.43264,1.08494,0.51329,0.45612,0.50295,0.43587,0.23086,0.46225,1.41583,0.74054,0.00115719,0.00115719,0.00115719
17,1231.33,0.43042,1.12708,0.49873,0.53233,0.39025,0.41687,0.21546,nan,nan,nan,0.001151,0.001151,0.001151
18,1305.52,0.44265,1.09682,0.53297,0.58078,0.41611,0.49052,0.24025,0.51839,1.11974,0.85217,0.00114481,0.00114481,0.00114481
19,1378.83,0.4388,1.1178,0.51219,0.60423,0.53585,0.52978,0.2675,nan,nan,nan,0.00113863,0.00113863,0.00113863
20,1453.57,0.46226,1.07676,0.53642,0.51953,0.4504,0.43999,0.20756,0.51879,1.15716,0.90657,0.00113244,0.00113244,0.00113244
21,1526.58,0.44502,1.09605,0.52798,0.43744,0.34322,0.33442,0.16001,nan,nan,nan,0.00112625,0.00112625,0.00112625
22,1597.92,0.42824,1.13233,0.48776,0.40954,0.34909,0.30901,0.154,0.45007,1.45459,0.72076,0.00112006,0.00112006,0.00112006
23,1669.36,0.44171,1.03832,0.51475,0.41736,0.45594,0.39495,0.19314,0.48202,1.21755,0.78219,0.00111388,0.00111388,0.00111388
24,1741.56,0.4385,1.06484,0.51641,0.54355,0.45233,0.42679,0.22169,nan,nan,nan,0.00110769,0.00110769,0.00110769
25,1814.38,0.42279,1.08116,0.50202,0.60805,0.45957,0.5057,0.25468,nan,nan,nan,0.0011015,0.0011015,0.0011015
26,1893.68,0.41938,1.05078,0.50041,0.6312,0.50622,0.56449,0.29447,0.47282,1.09943,0.78526,0.00109531,0.00109531,0.00109531
27,1966.19,0.43666,1.04325,0.51642,0.59565,0.51766,0.50535,0.26135,nan,nan,nan,0.00108913,0.00108913,0.00108913
28,2037.28,0.42554,0.98046,0.50931,0.60713,0.54245,0.56928,0.29296,0.47072,1.03131,0.77779,0.00108294,0.00108294,0.00108294
29,2107.39,0.41911,1.03863,0.5057,0.56972,0.48802,0.49814,0.25812,0.49681,1.0409,0.83612,0.00107675,0.00107675,0.00107675
30,2179.47,0.42376,0.97709,0.50093,0.54266,0.48349,0.46257,0.22745,0.47983,1.23774,0.85724,0.00107056,0.00107056,0.00107056
31,2249.7,0.41411,1.04718,0.49705,0.48272,0.53979,0.47497,0.24646,nan,nan,nan,0.00106437,0.00106437,0.00106437
32,2321.97,0.42683,1.02998,0.49059,0.64984,0.36348,0.43097,0.22026,0.48054,1.25401,0.82793,0.00105819,0.00105819,0.00105819
33,2395.6,0.42954,1.05952,0.5017,0.44884,0.55861,0.49871,0.23211,0.47916,1.12326,0.79382,0.001052,0.001052,0.001052
34,2471.03,0.42818,1.01967,0.49788,0.54064,0.4482,0.4714,0.23852,0.46615,1.16077,0.7586,0.00104581,0.00104581,0.00104581
35,2545.68,0.44032,1.02091,0.52671,0.68583,0.45171,0.53671,0.26229,nan,nan,nan,0.00103962,0.00103962,0.00103962
36,2616.32,0.4164,1.06739,0.49728,0.49814,0.45346,0.47831,0.24319,0.47476,1.11904,0.78423,0.00103344,0.00103344,0.00103344
37,2687.17,0.4184,1.01355,0.49183,0.5337,0.36577,0.38357,0.19854,0.49359,1.28056,0.83915,0.00102725,0.00102725,0.00102725
38,2757.33,0.4227,0.97663,0.50855,0.64223,0.46501,0.51463,0.27954,0.50587,1.05595,0.86989,0.00102106,0.00102106,0.00102106
39,2829.3,0.42088,0.95065,0.49163,0.6523,0.54235,0.60888,0.3191,0.46165,1.02391,0.76953,0.00101488,0.00101488,0.00101488
40,2899.72,0.41734,0.93786,0.50604,0.69274,0.58832,0.63883,0.33174,0.44867,1.04101,0.74086,0.00100869,0.00100869,0.00100869
41,2970.46,0.41681,0.97564,0.49776,0.59485,0.49401,0.5408,0.27793,0.47881,1.14624,0.81513,0.0010025,0.0010025,0.0010025
42,3040.78,0.42572,0.93813,0.50104,0.73974,0.47948,0.54994,0.29067,0.47221,1.11892,0.79405,0.000996313,0.000996313,0.000996313
43,3111.47,0.4211,1.03918,0.48169,0.50837,0.60376,0.56843,0.3148,0.43939,1.0844,0.71034,0.000990125,0.000990125,0.000990125
44,3182.91,0.42116,1.0068,0.49399,0.62485,0.55999,0.59157,0.30688,0.43723,1.11234,0.72396,0.000983938,0.000983938,0.000983938
45,3257.59,0.42456,0.95108,0.49748,0.57959,0.58356,0.57539,0.30378,0.42546,1.08311,0.71994,0.00097775,0.00097775,0.00097775
46,3329.51,0.41731,0.97706,0.48506,0.62456,0.60967,0.6233,0.32562,0.45286,0.9976,0.76389,0.000971562,0.000971562,0.000971562
47,3403.68,0.42385,0.94869,0.50562,0.65229,0.60464,0.60296,0.33771,0.43118,1.0351,0.71421,0.000965375,0.000965375,0.000965375
48,3478.11,0.42161,0.91478,0.49007,0.59321,0.59003,0.62202,0.32512,0.46139,1.05607,0.78529,0.000959187,0.000959187,0.000959187
49,3552.9,0.4099,0.94267,0.4841,0.58825,0.50327,0.54251,0.29826,0.46234,1.10804,0.79012,0.000953,0.000953,0.000953
50,3626.25,0.41613,0.91545,0.50859,0.7349,0.64001,0.69168,0.34955,0.46624,0.91688,0.81516,0.000946812,0.000946812,0.000946812
51,3701.45,0.41367,0.88234,0.51029,0.61934,0.49819,0.48665,0.25518,0.47071,1.06318,0.85597,0.000940625,0.000940625,0.000940625
52,3774.16,0.40489,0.92915,0.47878,0.62137,0.65424,0.65511,0.34307,0.45463,0.99395,0.813,0.000934438,0.000934438,0.000934438
53,3847.03,0.40048,0.87722,0.48753,0.67125,0.62855,0.66571,0.35449,0.44992,0.87468,0.78295,0.00092825,0.00092825,0.00092825
54,3919.7,0.3984,0.8623,0.48424,0.71439,0.62003,0.67356,0.35582,0.47681,0.89379,0.82134,0.000922063,0.000922063,0.000922063
55,3990.29,0.4157,0.85605,0.50861,0.65231,0.68203,0.6816,0.36825,0.45137,0.86766,0.77677,0.000915875,0.000915875,0.000915875
56,4062.81,0.40897,0.8456,0.48868,0.73682,0.62218,0.67903,0.36869,0.41514,0.96565,0.72604,0.000909688,0.000909688,0.000909688
57,4133.55,0.39652,0.84136,0.48155,0.7178,0.67423,0.70626,0.37979,0.45628,0.83992,0.80714,0.0009035,0.0009035,0.0009035
58,4234.17,0.40445,0.84409,0.50259,0.702,0.59693,0.66357,0.35885,0.44483,0.93634,0.76998,0.000897313,0.000897313,0.000897313
59,4305.44,0.40365,0.83274,0.4877,0.72958,0.63273,0.70165,0.37286,0.46497,0.86003,0.85049,0.000891125,0.000891125,0.000891125
60,4375.85,0.40033,0.8405,0.48005,0.74919,0.66712,0.71784,0.39663,0.43424,0.81778,0.79758,0.000884938,0.000884938,0.000884938
61,4449.2,0.40001,0.81112,0.4883,0.75436,0.70121,0.75094,0.41528,0.45468,0.78407,0.81861,0.00087875,0.00087875,0.00087875
62,4522.17,0.40221,0.83418,0.4872,0.69313,0.64916,0.71473,0.3897,0.42895,0.91042,0.73781,0.000872563,0.000872563,0.000872563
63,4595.66,0.41396,0.78862,0.50205,0.73622,0.71138,0.74499,0.39617,0.45197,0.82173,0.83602,0.000866375,0.000866375,0.000866375
64,4666.01,0.39764,0.80572,0.4872,0.7426,0.63517,0.69194,0.37491,0.46487,0.86033,0.83895,0.000860188,0.000860188,0.000860188
65,4738.6,0.40462,0.79253,0.4983,0.76649,0.67649,0.73549,0.39088,0.44324,0.83645,0.80164,0.000854,0.000854,0.000854
66,4809.35,0.39351,0.77496,0.48352,0.7685,0.66033,0.73932,0.38732,0.46951,0.8149,0.85463,0.000847813,0.000847813,0.000847813
67,4882.26,0.39009,0.78543,0.47836,0.82913,0.65475,0.76308,0.42358,0.436,0.85565,0.75209,0.000841625,0.000841625,0.000841625
68,4952.92,0.38616,0.78054,0.48048,0.73275,0.7118,0.77395,0.43278,0.4217,0.82351,0.74197,0.000835438,0.000835438,0.000835438
69,5026.11,0.38685,0.77665,0.46977,0.71833,0.65688,0.6675,0.35632,0.45242,0.90642,0.81131,0.00082925,0.00082925,0.00082925
70,5097.75,0.39277,0.75733,0.4865,0.80096,0.69293,0.75411,0.41037,0.44866,0.81442,0.8255,0.000823063,0.000823063,0.000823063
71,5171.15,0.39462,0.75226,0.48449,0.69921,0.74345,0.73814,0.39819,0.45454,0.78905,0.876,0.000816875,0.000816875,0.000816875
72,5240.82,0.39138,0.74907,0.4875,0.7233,0.69606,0.7584,0.39034,0.46427,0.77952,0.83649,0.000810688,0.000810688,0.000810688
73,5313.43,0.39069,0.7733,0.48072,0.74999,0.68491,0.74207,0.40115,0.46132,0.79135,0.8421,0.0008045,0.0008045,0.0008045
74,5386.45,0.37775,0.76172,0.46996,0.75826,0.66254,0.70526,0.37446,0.48806,0.81243,0.89589,0.000798313,0.000798313,0.000798313
75,5459.22,0.39196,0.73438,0.47119,0.76115,0.71424,0.776,0.43626,0.44628,0.75852,0.81252,0.000792125,0.000792125,0.000792125
76,5534.88,0.39596,0.69941,0.47092,0.76938,0.71985,0.78462,0.43059,0.44755,0.76176,0.82378,0.000785938,0.000785938,0.000785938
77,5605.55,0.38855,0.70578,0.48011,0.67284,0.78059,0.76571,0.40757,0.47399,0.73194,0.90205,0.00077975,0.00077975,0.00077975
78,5678.11,0.38311,0.71403,0.47409,0.75403,0.71502,0.75723,0.41411,0.46749,0.72032,0.86086,0.000773563,0.000773563,0.000773563
79,5752.76,0.3812,0.70745,0.47049,0.76279,0.68957,0.75416,0.39282,0.47559,0.78469,0.88907,0.000767375,0.000767375,0.000767375
80,5823.8,0.38424,0.69952,0.46643,0.74989,0.74615,0.76298,0.40205,0.4587,0.80558,0.85299,0.000761188,0.000761188,0.000761188
81,5894.34,0.379,0.7101,0.46961,0.81756,0.71753,0.78437,0.42115,0.48158,0.6708,0.92692,0.000755,0.000755,0.000755
82,5965.04,0.37451,0.71501,0.45781,0.82819,0.68988,0.79492,0.43509,0.4622,0.71498,0.87523,0.000748813,0.000748813,0.000748813
83,6036.08,0.38717,0.68544,0.47146,0.75802,0.75624,0.78852,0.42465,0.45706,0.7352,0.84022,0.000742625,0.000742625,0.000742625
84,6112.67,0.3898,0.6894,0.47964,0.80693,0.7068,0.76962,0.42173,0.45721,0.73117,0.84102,0.000736438,0.000736438,0.000736438
85,6183.73,0.37693,0.7205,0.46477,0.83809,0.704,0.81058,0.42728,0.46582,0.71893,0.88284,0.00073025,0.00073025,0.00073025
86,6254.91,0.37507,0.72119,0.46876,0.80627,0.7176,0.79251,0.43677,0.45537,0.70477,0.84306,0.000724062,0.000724062,0.000724062
87,6328.12,0.37605,0.7028,0.46388,0.78244,0.73655,0.80874,0.45447,0.45284,0.71744,0.82995,0.000717875,0.000717875,0.000717875
88,6402.23,0.37436,0.65729,0.46569,0.81411,0.72057,0.78243,0.43602,0.44947,0.74598,0.81124,0.000711687,0.000711687,0.000711687
89,6474.51,0.37332,0.65288,0.46785,0.84154,0.70434,0.78064,0.4299,0.4559,0.74751,0.86073,0.0007055,0.0007055,0.0007055
90,6836.89,0.36523,0.68106,0.4411,0.80025,0.709,0.79148,0.43945,0.44972,0.76159,0.83997,0.000699312,0.000699312,0.000699312
91,6909.02,0.37537,0.70211,0.45575,0.80582,0.75505,0.8143,0.44718,0.45687,0.71144,0.87139,0.000693125,0.000693125,0.000693125
92,6979.12,0.36896,0.67422,0.46689,0.83681,0.74823,0.79943,0.43177,0.46842,0.71028,0.91276,0.000686937,0.000686937,0.000686937
93,7050.89,0.36705,0.66037,0.45053,0.78053,0.73068,0.77206,0.41028,0.48645,0.71267,0.91802,0.00068075,0.00068075,0.00068075
94,7124.75,0.36643,0.66961,0.45808,0.81364,0.75881,0.79668,0.43118,0.46968,0.72394,0.91709,0.000674562,0.000674562,0.000674562
95,7196.43,0.36491,0.68665,0.4462,0.78255,0.73912,0.79247,0.43837,0.45072,0.73917,0.85537,0.000668375,0.000668375,0.000668375
96,7268.24,0.36807,0.65827,0.45456,0.84982,0.78752,0.83216,0.45889,0.44604,0.69744,0.85402,0.000662188,0.000662188,0.000662188
97,7340.31,0.35589,0.68283,0.45204,0.83833,0.7614,0.81764,0.43216,0.4742,0.71281,0.90221,0.000656,0.000656,0.000656
98,7411.01,0.36974,0.6431,0.4618,0.8434,0.75044,0.8248,0.44935,0.46361,0.7206,0.88526,0.000649813,0.000649813,0.000649813
99,7482.93,0.36383,0.63188,0.45318,0.83767,0.71955,0.78382,0.43489,0.46027,0.72736,0.86918,0.000643625,0.000643625,0.000643625
100,7554.97,0.36515,0.65266,0.46242,0.81632,0.75947,0.78708,0.41229,0.47928,0.70887,0.93409,0.000637437,0.000637437,0.000637437
101,7626.18,0.36331,0.63752,0.45025,0.80367,0.79785,0.81135,0.43592,0.46854,0.69651,0.87488,0.00063125,0.00063125,0.00063125
102,7698.13,0.37365,0.63381,0.4662,0.80102,0.7612,0.80853,0.43736,0.46946,0.70013,0.87405,0.000625062,0.000625062,0.000625062
103,7768.87,0.35433,0.65534,0.43524,0.84428,0.75963,0.825,0.44959,0.46108,0.67058,0.86975,0.000618875,0.000618875,0.000618875
104,7840.84,0.3721,0.62909,0.45777,0.83244,0.73044,0.81771,0.43729,0.46404,0.70785,0.892,0.000612687,0.000612687,0.000612687
105,7913.24,0.35876,0.61364,0.45336,0.78156,0.7961,0.81721,0.43457,0.46678,0.6885,0.89672,0.0006065,0.0006065,0.0006065
106,7984.04,0.35664,0.61652,0.43355,0.85258,0.7438,0.81703,0.45615,0.45719,0.6506,0.8723,0.000600313,0.000600313,0.000600313
107,8055.51,0.36155,0.61757,0.44844,0.82648,0.75244,0.81717,0.4648,0.45129,0.65381,0.86355,0.000594125,0.000594125,0.000594125
108,8127.81,0.35891,0.6255,0.44947,0.80869,0.73328,0.7699,0.432,0.45846,0.71124,0.89242,0.000587938,0.000587938,0.000587938
109,8200.08,0.35566,0.61389,0.44669,0.84805,0.76728,0.81577,0.43582,0.4778,0.6542,0.9318,0.00058175,0.00058175,0.00058175
110,8271.76,0.36826,0.61351,0.45649,0.84058,0.74807,0.80834,0.43331,0.47171,0.68405,0.90344,0.000575563,0.000575563,0.000575563
111,8343.7,0.35752,0.61256,0.43445,0.80776,0.75179,0.79172,0.42678,0.48595,0.67925,0.94689,0.000569375,0.000569375,0.000569375
112,8415.2,0.35506,0.58792,0.44064,0.83151,0.76915,0.82374,0.4548,0.47063,0.62889,0.9174,0.000563187,0.000563187,0.000563187
113,8486.15,0.34941,0.62001,0.43521,0.83946,0.76599,0.83888,0.46381,0.44336,0.67914,0.82644,0.000557,0.000557,0.000557
114,8559.21,0.35222,0.59759,0.43952,0.82103,0.7524,0.80074,0.44975,0.4656,0.67529,0.90746,0.000550813,0.000550813,0.000550813
115,8631.07,0.36197,0.59166,0.44196,0.8036,0.78168,0.80607,0.43083,0.48528,0.66048,0.94583,0.000544625,0.000544625,0.000544625
116,8703.43,0.3606,0.58169,0.43659,0.79676,0.76617,0.81473,0.45767,0.45223,0.66859,0.85093,0.000538438,0.000538438,0.000538438
117,8775.71,0.34893,0.59576,0.43267,0.80793,0.79753,0.82028,0.4461,0.45647,0.68374,0.86154,0.00053225,0.00053225,0.00053225
118,8848.2,0.33935,0.62283,0.42231,0.82776,0.79159,0.83742,0.47156,0.45363,0.66605,0.86791,0.000526063,0.000526063,0.000526063
119,8921.23,0.3431,0.59776,0.42735,0.80643,0.78839,0.78509,0.43164,0.4682,0.68244,0.90841,0.000519875,0.000519875,0.000519875
120,8993.2,0.348,0.59262,0.43417,0.80229,0.79149,0.82037,0.453,0.45411,0.68261,0.86013,0.000513688,0.000513688,0.000513688
121,9064.28,0.35607,0.59153,0.43942,0.83449,0.80322,0.83405,0.46558,0.46709,0.6318,0.90447,0.0005075,0.0005075,0.0005075
122,9135.93,0.34572,0.59094,0.42362,0.81388,0.82327,0.83203,0.45948,0.468,0.63419,0.91643,0.000501313,0.000501313,0.000501313
123,9207.4,0.34216,0.56624,0.43702,0.83604,0.79346,0.81455,0.45158,0.47373,0.62111,0.95017,0.000495125,0.000495125,0.000495125
124,9279.13,0.34465,0.56246,0.43287,0.84649,0.7624,0.83457,0.47031,0.46571,0.63437,0.89918,0.000488938,0.000488938,0.000488938
125,9351.22,0.35278,0.55675,0.43365,0.84396,0.78688,0.82534,0.47997,0.45176,0.67793,0.84821,0.00048275,0.00048275,0.00048275
126,9424.73,0.34188,0.57021,0.42716,0.79352,0.77725,0.81197,0.45245,0.44741,0.72087,0.83472,0.000476562,0.000476562,0.000476562
127,9497.09,0.33046,0.58538,0.40671,0.86063,0.76679,0.83221,0.45013,0.47587,0.65212,0.90438,0.000470375,0.000470375,0.000470375
128,9569.38,0.34134,0.57281,0.42999,0.82629,0.79109,0.821,0.45919,0.46079,0.67157,0.88835,0.000464188,0.000464188,0.000464188
129,9640.26,0.33632,0.56167,0.41688,0.84849,0.77513,0.81792,0.46229,0.46569,0.65693,0.89556,0.000458,0.000458,0.000458
130,9712.75,0.32361,0.58014,0.3935,0.80601,0.79024,0.80466,0.44519,0.46998,0.67678,0.90472,0.000451813,0.000451813,0.000451813
131,9784.49,0.33363,0.58004,0.41002,0.82336,0.77146,0.81554,0.44983,0.46971,0.64307,0.93225,0.000445625,0.000445625,0.000445625
132,9862.23,0.33415,0.55472,0.42031,0.82563,0.7879,0.81123,0.44626,0.46954,0.65149,0.92917,0.000439437,0.000439437,0.000439437
133,9935.55,0.33578,0.5767,0.40447,0.85492,0.76844,0.82276,0.46214,0.45658,0.67633,0.89322,0.00043325,0.00043325,0.00043325
134,10009.6,0.33172,0.55518,0.40953,0.83383,0.75664,0.81558,0.46283,0.44994,0.65939,0.86519,0.000427062,0.000427062,0.000427062
135,10082.3,0.32736,0.53936,0.40275,0.81969,0.77941,0.80262,0.45278,0.46599,0.64182,0.91823,0.000420875,0.000420875,0.000420875
136,10154.4,0.32517,0.55555,0.40438,0.84049,0.76269,0.80096,0.46044,0.45553,0.67778,0.86576,0.000414688,0.000414688,0.000414688
137,10226.1,0.32887,0.55771,0.40792,0.79773,0.79985,0.78898,0.42636,0.50084,0.6449,0.99379,0.0004085,0.0004085,0.0004085
138,10297.4,0.3258,0.55627,0.41216,0.84049,0.78548,0.83597,0.46655,0.46316,0.65716,0.89787,0.000402312,0.000402312,0.000402312
139,10369.4,0.33156,0.52594,0.41784,0.86576,0.76246,0.81787,0.46067,0.46783,0.63364,0.92772,0.000396125,0.000396125,0.000396125
140,10443.1,0.32888,0.55546,0.40498,0.85277,0.7772,0.81757,0.46842,0.46095,0.64947,0.8791,0.000389938,0.000389938,0.000389938
141,10513.3,0.3281,0.54106,0.40401,0.84506,0.78823,0.81579,0.461,0.46828,0.62383,0.90709,0.00038375,0.00038375,0.00038375
142,10584.1,0.32966,0.53873,0.39993,0.82075,0.78738,0.79892,0.45001,0.46248,0.65794,0.88406,0.000377563,0.000377563,0.000377563
143,10655.1,0.31888,0.5381,0.39199,0.86036,0.78973,0.83165,0.47233,0.46084,0.62362,0.88434,0.000371375,0.000371375,0.000371375
144,10726.6,0.3141,0.54237,0.38899,0.84924,0.78396,0.82751,0.46031,0.46502,0.63269,0.87142,0.000365188,0.000365188,0.000365188
145,10797.6,0.32307,0.51581,0.40749,0.81907,0.80926,0.81669,0.45368,0.4779,0.6192,0.92488,0.000359,0.000359,0.000359
146,10868.4,0.3221,0.53161,0.39992,0.80861,0.78406,0.80006,0.45254,0.47299,0.65248,0.90875,0.000352812,0.000352812,0.000352812
147,10937.8,0.31329,0.53695,0.39369,0.85565,0.78918,0.82098,0.46749,0.46641,0.62438,0.90806,0.000346625,0.000346625,0.000346625
148,11007.2,0.31682,0.5153,0.38909,0.83709,0.8011,0.8243,0.4646,0.46913,0.61698,0.89822,0.000340438,0.000340438,0.000340438
149,11078.7,0.31537,0.51985,0.39553,0.82158,0.8071,0.82057,0.46791,0.47416,0.60914,0.92093,0.00033425,0.00033425,0.00033425
150,11149.3,0.32064,0.53375,0.39685,0.79387,0.79787,0.82897,0.47317,0.46254,0.61472,0.91139,0.000328063,0.000328063,0.000328063
151,11220.4,0.31373,0.51043,0.38038,0.83567,0.78944,0.81366,0.46199,0.46663,0.62533,0.89956,0.000321875,0.000321875,0.000321875
152,11292.9,0.31466,0.50959,0.39161,0.8405,0.7896,0.81447,0.45103,0.48188,0.61359,0.92773,0.000315687,0.000315687,0.000315687
153,11362.7,0.31361,0.51433,0.38729,0.87015,0.77547,0.82817,0.45987,0.46986,0.63942,0.92227,0.0003095,0.0003095,0.0003095
154,11432.6,0.30393,0.50927,0.3755,0.84343,0.81665,0.83368,0.47295,0.46347,0.63641,0.86924,0.000303313,0.000303313,0.000303313
155,11504.4,0.32069,0.50319,0.39064,0.83593,0.79857,0.81645,0.45311,0.484,0.62796,0.91812,0.000297125,0.000297125,0.000297125
156,11577.5,0.31377,0.49424,0.39192,0.87166,0.76178,0.82115,0.45873,0.47585,0.63263,0.92848,0.000290937,0.000290937,0.000290937
157,11648.6,0.30455,0.51098,0.38205,0.844,0.77865,0.80664,0.45173,0.49134,0.61943,0.94566,0.00028475,0.00028475,0.00028475
158,11719.3,0.3099,0.51197,0.37679,0.85844,0.79276,0.82972,0.45627,0.48243,0.6347,0.9221,0.000278562,0.000278562,0.000278562
159,11789.3,0.30705,0.48222,0.38927,0.86782,0.77322,0.83965,0.4715,0.47476,0.61279,0.89018,0.000272375,0.000272375,0.000272375
160,11859.2,0.3125,0.48963,0.38337,0.85677,0.79191,0.82933,0.45646,0.48908,0.60521,0.9333,0.000266187,0.000266187,0.000266187
161,11933.2,0.30303,0.5007,0.38503,0.86281,0.77937,0.82218,0.4586,0.48486,0.62021,0.92666,0.00026,0.00026,0.00026
162,12003.5,0.29922,0.49046,0.37465,0.84129,0.77297,0.8126,0.44262,0.48197,0.62283,0.92022,0.000253812,0.000253812,0.000253812
163,12075.8,0.30428,0.49116,0.37693,0.79761,0.80591,0.82058,0.45825,0.47117,0.64705,0.88782,0.000247625,0.000247625,0.000247625
164,12147,0.30834,0.47677,0.37601,0.85492,0.79318,0.82126,0.45032,0.48424,0.62453,0.95275,0.000241438,0.000241438,0.000241438
165,12218.6,0.30084,0.47795,0.3707,0.82854,0.78958,0.79784,0.45429,0.47387,0.62794,0.93958,0.00023525,0.00023525,0.00023525
166,12288.8,0.30378,0.47801,0.37778,0.79775,0.80987,0.80419,0.44699,0.48204,0.6244,0.92328,0.000229063,0.000229063,0.000229063
167,12358.8,0.30168,0.4858,0.36255,0.857,0.78242,0.8262,0.46155,0.47674,0.60601,0.90734,0.000222875,0.000222875,0.000222875
168,12429.3,0.30275,0.4802,0.36728,0.80327,0.79855,0.80247,0.44854,0.47813,0.63044,0.90925,0.000216688,0.000216688,0.000216688
169,12504.4,0.29561,0.4842,0.36233,0.86245,0.7804,0.82448,0.45889,0.48249,0.62606,0.90922,0.0002105,0.0002105,0.0002105
170,12577.6,0.29858,0.4723,0.36627,0.84066,0.77113,0.80159,0.44737,0.49557,0.62723,0.97035,0.000204313,0.000204313,0.000204313
171,12648.5,0.29453,0.48269,0.34684,0.83729,0.80758,0.81617,0.45181,0.48315,0.62796,0.95586,0.000198125,0.000198125,0.000198125
172,12721.8,0.28555,0.45992,0.35112,0.8447,0.78407,0.80618,0.44961,0.49276,0.60856,0.97086,0.000191938,0.000191938,0.000191938
173,12792.4,0.28988,0.45466,0.35953,0.83262,0.78987,0.80977,0.45575,0.47981,0.64448,0.9144,0.00018575,0.00018575,0.00018575
174,12863.1,0.29129,0.46034,0.35711,0.8471,0.77165,0.81879,0.45922,0.4806,0.64834,0.90849,0.000179563,0.000179563,0.000179563
175,12935.8,0.29083,0.45665,0.35217,0.86261,0.77516,0.80845,0.44827,0.48272,0.62992,0.9493,0.000173375,0.000173375,0.000173375
176,13005.1,0.29065,0.45194,0.35439,0.86118,0.76514,0.82436,0.45139,0.47874,0.65189,0.91968,0.000167188,0.000167188,0.000167188
177,13079.8,0.28945,0.46748,0.35125,0.82808,0.81133,0.81452,0.44651,0.47817,0.65523,0.93164,0.000161,0.000161,0.000161
178,13154.2,0.29343,0.45296,0.36416,0.82937,0.80799,0.81853,0.46197,0.47288,0.63554,0.93773,0.000154812,0.000154812,0.000154812
179,13227.3,0.28415,0.45191,0.34711,0.85173,0.78694,0.82426,0.45631,0.47659,0.63047,0.92924,0.000148625,0.000148625,0.000148625
180,13302.4,0.28575,0.46474,0.35752,0.83139,0.8047,0.82382,0.46151,0.4773,0.63676,0.89275,0.000142437,0.000142437,0.000142437
181,13375.3,0.2866,0.45097,0.35148,0.83125,0.81571,0.82838,0.46264,0.47747,0.62056,0.9039,0.00013625,0.00013625,0.00013625
182,13447.9,0.28614,0.45222,0.35215,0.84064,0.81171,0.8382,0.4624,0.47847,0.6188,0.9172,0.000130062,0.000130062,0.000130062
183,13521.5,0.28357,0.44769,0.35175,0.8118,0.80028,0.80791,0.4416,0.48747,0.63343,0.95426,0.000123875,0.000123875,0.000123875
184,13594.2,0.27854,0.45555,0.33527,0.82774,0.8119,0.81871,0.45462,0.48254,0.63098,0.9115,0.000117687,0.000117687,0.000117687
185,13672.8,0.2856,0.44467,0.33813,0.85254,0.80469,0.83258,0.44925,0.49222,0.62433,0.94319,0.0001115,0.0001115,0.0001115
186,13750.8,0.28421,0.43396,0.33869,0.84894,0.81022,0.82939,0.45175,0.49424,0.61017,0.94505,0.000105312,0.000105312,0.000105312
187,13824.7,0.27296,0.43798,0.33078,0.85496,0.81045,0.82929,0.45773,0.48558,0.61866,0.93099,9.9125e-05,9.9125e-05,9.9125e-05
188,13899.6,0.27886,0.44335,0.33357,0.87135,0.80407,0.82751,0.46069,0.49022,0.58775,0.94509,9.29375e-05,9.29375e-05,9.29375e-05
189,13973.2,0.27757,0.43928,0.32949,0.84489,0.79155,0.81419,0.46038,0.48842,0.6113,0.93002,8.675e-05,8.675e-05,8.675e-05
190,14046.3,0.27974,0.44816,0.34784,0.83528,0.82041,0.82567,0.46295,0.48597,0.60683,0.91331,8.05625e-05,8.05625e-05,8.05625e-05
191,14123.4,0.24468,0.3756,0.402,0.86836,0.82088,0.8515,0.46558,0.4889,0.59479,0.93912,7.4375e-05,7.4375e-05,7.4375e-05
192,14195.9,0.24474,0.34558,0.39386,0.85738,0.8201,0.84,0.47249,0.48778,0.59137,0.91852,6.81875e-05,6.81875e-05,6.81875e-05
193,14268.9,0.23239,0.35401,0.37434,0.89741,0.80697,0.85017,0.47195,0.48338,0.59208,0.92386,6.2e-05,6.2e-05,6.2e-05
194,14343.1,0.23572,0.33795,0.38418,0.87374,0.81752,0.83745,0.47278,0.4774,0.59798,0.901,5.58125e-05,5.58125e-05,5.58125e-05
195,14416.7,0.2306,0.33968,0.37143,0.86879,0.82287,0.837,0.46947,0.47934,0.59629,0.91288,4.9625e-05,4.9625e-05,4.9625e-05
196,14489.1,0.23826,0.32542,0.39498,0.88416,0.81071,0.83594,0.47053,0.4841,0.58808,0.93572,4.34375e-05,4.34375e-05,4.34375e-05
197,14563.5,0.22865,0.33344,0.3719,0.87051,0.81904,0.83262,0.46677,0.4887,0.58769,0.94886,3.725e-05,3.725e-05,3.725e-05
198,14637.7,0.22645,0.33115,0.35328,0.86264,0.81891,0.83286,0.46968,0.47999,0.59543,0.91429,3.10625e-05,3.10625e-05,3.10625e-05
199,14710,0.22622,0.32589,0.36675,0.87093,0.80152,0.83041,0.46887,0.48,0.59136,0.91183,2.4875e-05,2.4875e-05,2.4875e-05
200,14784.9,0.22727,0.31403,0.36152,0.85527,0.80758,0.83791,0.46958,0.48081,0.59483,0.90302,1.86875e-05,1.86875e-05,1.86875e-05
